agent_no|telephone_number|phone_type
100|9733409100|Business
101|9736831000|Business
102|9084544170|Business
103|7326804444|Business
104|8563588161|Business
105|8564784545|Business
106|7324999200|Business
107|6098963434|Business
108|6098961021|Business
109|7323492100|Business
110|7327470800|Business
111|7323492300|Business
112|8567957500|Business
113|9088592213|Business
114|6092674100|Business
116|6094949200|Business
117|7328922502|Business
118|9733611901|Business
119|8564469100|Business
120|2014444426|Business
121|2014386677|Business
122|8568488898|Business
124|6096536600|Business
125|9736273600|Business
126|7327419400|Business
127|6096545800|Business
128|6095223406|Business
129|8009332478|Business
130|8009332478|Business
131|8009332478|Business
132|2016520407|Business
133|9084646100|Business
134|9739160100|Business
135|2015598133|Business
136|7325748000|Business
137|9734372300|Business
138|2015879014|Business
140|9733241888|Business
141|2012621200|Business
142|8569391313|Business
143|9732922292|Business
144|9735892300|Business
145|7327387400|Business
146|9732566000|Business
147|6096933123|Business
148|6094060500|Business
149|7327476400|Business
150|9736831000|Business
151|6096461000|Business
152|8566963152|Business
153|6095223406|Business
154|7322479800|Business
155|9733835800|Business
156|9085266767|Business
157|7325310866|Business
158|7324774400|Business
159|2017270070|Business
160|2017270070|Business
161|2018456600|Business
162|7327802324|Business
163|2012271800|Business
164|2013842312|Business
165|9735399300|Business
166|6092919950|Business
167|8563462300|Business
168|2014870800|Business
169|7325284800|Business
170|          |Business
171|8569144600|Business
172|          |Business
173|9733776100|Business
175|6093948200|Business
176|7322864900|Business
177|8568291594|Business
178|2014939002|Business
179|9088525555|Business
180|7323896000|Business
181|6095877400|Business
182|9736351800|Business
183|8567869100|Business
184|9085986000|Business
185|2019917598|Business
186|6099245000|Business
187|8568663234|Business
188|9733660256|Business
189|9088504100|Business
190|9737865700|Business
191|9733660256|Business
192|8564897012|Business
193|7324771010|Business
194|9735796776|Business
195|9738356171|Business
196|9084646100|Business
197|7329206500|Business
198|2019453100|Business
199|2013378181|Business
200|6098967000|Business
201|9085987800|Business
202|6099711270|Business
203|6095992588|Business
204|7322690800|Business
205|7322222223|Business
206|9738279720|Business
207|9732271599|Business
208|7328720101|Business
209|9088327600|Business
210|7325749888|Business
211|2019333333|Business
212|9737778333|Business
213|8568812862|Business
218|7324693000|Business
219|7324693000|Business
220|9733471300|Business
221|7322488900|Business
222|9088525555|Business
223|9088525555|Business
224|8457894433|Business
225|9087099000|Business
226|9733471300|Business
227|8565462700|Business
228|8565969555|Business
229|9082411180|Business
230|7325287400|Business
231|9739218274|Business
232|8568668712|Business
233|6099711270|Business
234|6092199100|Business
235|9085266767|Business
236|9732619131|Business
237|7329334280|Business
238|8564897067|Business
239|9732270025|Business
240|7323676680|Business
241|          |Business
242|2012521100|Business
243|6092919950|Business
244|9082728100|Business
245|9735758700|Business
246|2018587700|Business
247|9735894507|Business
248|7322864900|Business
249|8567784600|Business
250|7325281594|Business
251|6106878580|Business
252|8565526330|Business
253|8566926410|Business
254|6096458100|Business
255|8567972103|Business
256|2018456600|Business
260|9737836600|Business
261|9735491818|Business
262|9735999600|Business
263|6098848431|Business
264|9736051555|Business
265|8566960700|Business
266|8567954020|Business
267|8668051029|Business
268|9084474517|Business
269|9733347100|Business
270|7324538770|Business
271|6092965444|Business
272|7323891510|Business
273|9735666666|Business
275|2014870800|Business
276|9735999600|Business
277|8565586330|Business
278|2017270070|Business
279|7322479800|Business
280|9088624047|Business
281|2018913727|Business
282|2018682828|Business
283|7323636444|Business
284|7328998177|Business
285|7322479800|Business
286|          |Business
287|7322479800|Business
288|8008117658|Business
289|2019391076|Business
290|          |Business
291|          |Business
292|9733509999|Business
293|7322491200|Business
294|7324587800|Business
295|7325896666|Business
296|6093969220|Business
297|9734298192|Business
298|6098382433|Business
299|2014354500|Business
300|7322572212|Business
301|7328349800|Business
302|7322869600|Business
303|9738127327|Business
304|7324622343|Business
305|7322224500|Business
306|2016612460|Business
307|2016879950|Business
308|2018696409|Business
309|4842888628|Business
310|7327512900|Business
311|2157503500|Business
312|          |Business
313|7322572212|Business
700|8569881830|Business
701|2014367600|Business
702|2019972360|Business
703|8884835138|Business
704|7327808338|Business
705|6096545105|Business
706|9082768812|Business
707|6094921511|Business
708|7322802800|Business
709|6096413000|Business
710|6093990655|Business
711|7328927700|Business
712|2017689086|Business
713|2155761250|Business
714|2153488661|Business
715|6106958696|Business
716|6103637999|Business
717|9738303111|Business
718|7328701500|Business
719|9732853260|Business
720|7327385755|Business
721|7326253900|Business
722|9733356400|Business
723|9732282000|Business
724|2153578600|Business
725|2159422800|Business
726|6093990049|Business
727|2017032993|Business
728|8563510300|Business
729|7322921933|Business
730|          |Business
731|2153458110|Business
732|2153220815|Business
733|9735386300|Business
734|4844278900|Business
735|2152300100|Business
736|2015251100|Business
737|8567834222|Business
738|9087578343|Business
739|2153224595|Business
740|7325483445|Business
741|2159181882|Business
742|7328996800|Business
743|8564885333|Business
744|9733777000|Business
745|9087306443|Business
746|          |Business
747|2158919999|Business
748|2015685001|Business
749|2013844800|Business
750|2153969022|Business
751|9089234291|Business
752|2153576701|Business
753|2014891414|Business
754|6095611200|Business
755|2016899910|Business
756|9734298100|Business
757|7322572600|Business
758|9734298100|Business
759|2017730868|Business
760|9737836600|Business
761|7324498780|Business
762|7322461330|Business
763|2018643767|Business
764|9735863333|Business
765|7324494200|Business
766|2014445700|Business
767|2153640600|Business
768|6106875712|Business
769|2017976600|Business
770|9732933158|Business
771|9734709004|Business
772|2018438680|Business
773|6094990533|Business
774|2154439020|Business
775|8565335611|Business
776|8558740123|Business
777|9084548582|Business
778|9733468400|Business
779|7326675565|Business
780|8562733147|Business
781|2155795601|Business
782|6312838000|Business
783|2017978000|Business
784|6109410775|Business
785|          |Business
786|2019910028|Business
787|7322239700|Business
788|7322919981|Business
789|7325050057|Business
790|9732004762|Business
791|7324765113|Business
792|7325360462|Business
793|8488636800|Business
794|7325287200|Business
795|2122213753|Business
796|7323837158|Business
797|8568250713|Business
798|6096451700|Business
799|9739925775|Business
800|7329611551|Business
801|3026555300|Business
802|9736165300|Business
803|7322461400|Business
804|7322918773|Business
805|2013847000|Business
806|4842821644|Business
807|          |Business
808|          |Business
809|7323638300|Business
6000|6165411262|Business
9990|          |Business
9997|          |Business
9998|          |Business
9999|          |Business